training_mode,mean_results,results
constant,0.07847896466652553,|[0.075242721, 0.077669904, 0.08252427]|
true_random,0.012944983939329783,|[0.014563107, 0.014563107, 0.009708738]|
